{"Id":"120335","ProductId":"P1000-02","UserId":"A9IYL02ZSS73E","ProfileName":"ADV KLR650 \"Ray\"","HelpfulnessNumerator":1,"HelpfulnessDenominator":1,"Score":5,"Time":"1322438400","Summary":"Mini Mart Cappuccino","text":"Like others said, if you like the ones that come out of the dispensers at the mini marts & gas stations then you should like this. I use the 10oz setting on my brewer so it doesn't water it down too much (it's a powdered mix like the hot chocolates). Also my wife is not a coffee drinker but liked this.<br /><br />Placed order when it was out of stock, but only took about week to arrive via prime."}