{"Id":"136511","ProductId":"P1000-03","UserId":"#oc-R1OL5ERW8B6QV2","ProfileName":"great packing and shipping","HelpfulnessNumerator":2,"HelpfulnessDenominator":3,"Score":5,"Time":"1340064000","Summary":"BEST OF THE BEST","text":"<a href=\"http://www.amazon.com/gp/product/B006Q820SK\">Brooklyn Bean Roastery Coffee, Brooklyn Bridge Blend, Single Serve Cup for Keurig K-Cup Brewers, 36-Count</a>  ALL of Brooklyns coffee is the best i have ever had i tried samples of it and ended up buying a box of 36 they are far better then any other k cup makers i have tried and i have tried alot i am coffee aholic i recommend them to everyone"}