{"Id":"120357","ProductId":"P1000-02","UserId":"A3EJ0IRBMGEYNV","ProfileName":"Amazonian","HelpfulnessNumerator":2,"HelpfulnessDenominator":3,"Score":1,"Time":"1328140800","Summary":"Nasty fake sweetener aftertaste","text":"I purchased this even after a few other reviewers mentioned that there is a fake sweetener taste thinking it would be ok but the taste is really overwhelming. If you are ok with drinking diet soda you will be ok with these. If not I would stay away. I keep trying to feed these to guest but with very poor luck :-)."}