{"Id":"110721","ProductId":"P1000-04","UserId":"AI1YVR9BTXKJY","ProfileName":"T. Kinney","HelpfulnessNumerator":1,"HelpfulnessDenominator":1,"Score":5,"Time":"1332028800","Summary":"Quick and Good","text":"I drink my coffee black and prefer french press coffee made with freshly ground dark oily beans. But on a Saturday morning when I want to get going with my projects, this instant is just the ticket. It has a bold taste without being bitter. I have not noticed any difference in taste with packets that are \"expired\"."}