{"Id":"136486","ProductId":"P1000-03","UserId":"#oc-R2XPA5PDTSKFER","ProfileName":"J. Cox","HelpfulnessNumerator":1,"HelpfulnessDenominator":8,"Score":1,"Time":"1335052800","Summary":"Tastes Good, just brewing issues","text":"I've read several other similar stories so I'll keep it short. Not every Pod is bad, but enough are bad that I've cancelled my Subscribe and save order. I don't want to keep dealing with the brewing problems. The few pods that have worked actually made great tasting coffee. We purchased the medium roast and the decaf, same issues with both."}