{"Id":"120302","ProductId":"P1000-02","UserId":"A31D6GWYLIKF4X","ProfileName":"randible \"tantlerur\"","HelpfulnessNumerator":1,"HelpfulnessDenominator":1,"Score":2,"Time":"1329091200","Summary":"Tastes awful due to sugar-free sweetener","text":"While the overall idea behind the product is laudable, they blew it by using sucralose instead of pure trustworthy cane sugar. The sweetener leaves an aftertaste that to me, tastes disgusting and ruins what would have otherwise been an enjoyable and flavorful cup of cappuccino. Will not be ordering this product again (or anything else sweetened with sugar-free alternatives)."}