{"Id":"136434","ProductId":"P1000-03","UserId":"#oc-R1730HL4795MHX","ProfileName":"Julia K. Handzo","HelpfulnessNumerator":2,"HelpfulnessDenominator":5,"Score":5,"Time":"1335916800","Summary":"great customer service","text":"Ordered 4 boxes. 4 different flavors. Have had the same issues with grounds and explosion as the other posters with all 4 boxes. Very disappointed.<br /><br />Brooklyn Bean replaced all boxes immediately.  Have had no problem with explosions.  Coffee is good too.  Customer service is top notch."}