{"Id":"120509","ProductId":"P1000-02","UserId":"A2UWUJICU1VWZ1","ProfileName":"Coffee drinker","HelpfulnessNumerator":4,"HelpfulnessDenominator":4,"Score":4,"Time":"1328227200","Summary":"Yummy and simple","text":"I had read other reviews where this was not fancy cappuccino, but more like gas station cappuccino. I have to agree. That's what I wanted. I am very happy with the flavor and simplicity of popping into the Keurig. Can have it made without having to make a stop on my way in the morning."}