{"Id":"120756","ProductId":"P1000-02","UserId":"A2DPQ82V9HI4TJ","ProfileName":"Jane Krisch \"Jane Krisch\"","HelpfulnessNumerator":1,"HelpfulnessDenominator":3,"Score":5,"Time":"1345334400","Summary":"A++ Service","text":"Besides Timothy's, \"Grove Square Caramel Cappuccino Single Serve Cups\" is another favorite K-Cup coffee to drink if your looking to stock up.. Taste fantastic, is just the right strength to get you going when you need to but not so strong where it gives you the shakes.. Highly recomend \"Grove Square Caramel Cappuccino Single Serve Cups\" if your looking for a new K-Cup to try..."}