{"Id":"136402","ProductId":"P1000-03","UserId":"A12AIYVJPK3C33","ProfileName":"Jilian","HelpfulnessNumerator":8,"HelpfulnessDenominator":14,"Score":5,"Time":"1335139200","Summary":"Very smooth without being too weak","text":"Got my coffee in just 2 Days! Was nervous about the failures other folks have had but I have already gone through most of the box and did not receive any failure at all.<br /><br />Fabulous Blend with a lot of flavor and no burnt aftertaste...without being too weak! Love this coffee!"}