{"Id":"120814","ProductId":"P1000-02","UserId":"AXA2AK79YLGEN","ProfileName":"ladypen","HelpfulnessNumerator":1,"HelpfulnessDenominator":1,"Score":1,"Time":"1341446400","Summary":"horrid ingredients.","text":"Conveniently, ingredients not listed but for  tiny photo. If you enjoy artificial flavor,corn syrup, vegetable  oil (which??) and INSTANT coffee, this may be just the ticket<br />I bought as gift. Too embarrassed to give . I do not k cup. so  to the trash it goes.<br /> Amazon. please get some info up on non returnable items."}