{"Id":"136516","ProductId":"P1000-03","UserId":"#oc-R3Q4YFF8R7XVYR","ProfileName":"Lori K. Chambers \"shopaholic\"","HelpfulnessNumerator":2,"HelpfulnessDenominator":3,"Score":4,"Time":"1338940800","Summary":"Very good","text":"I was very pleased with this coffee, cyclone was a full bodied coffee, but not bitter. I had no pod issues like some posted with any of the pods I received .<br />The coffe was very tasty and I would definitely buy again. I have not had one I haven't liked yet and I've tried several flavors"}