{"Id":"120328","ProductId":"P1000-02","UserId":"A3B9OUYMXYO6OX","ProfileName":"three cats","HelpfulnessNumerator":1,"HelpfulnessDenominator":1,"Score":5,"Time":"1323388800","Summary":"SPIKE this with some Irish cream liqueur","text":"yes, this is flavored coffee already...but, it's a great base for some spiked refreshment.  i like Carolans or Baileys, but Saint Brendans works well too.  be sure you use a tall cup so you have room for the extra spirits. what could possibly go wrong with that! i'm signing up for a subscription with free shipping."}