{"Id":"120307","ProductId":"P1000-02","UserId":"A2LRH0VHHAD7EP","ProfileName":"Shaunna","HelpfulnessNumerator":1,"HelpfulnessDenominator":1,"Score":5,"Time":"1326931200","Summary":"Great Taste","text":"I also bought this product and I can tell you that I received my shipment in a timely manner and it was worth it!! This cappuccino tastes delicious with no additions like milk, cream or sugar. Just brew it by itself and enjoy the perfect combination of a great cappuccino. Absolutely worth the price and I saved a ton of $$$ by not purchasing from starbuck's.."}