{"Id":"136521","ProductId":"P1000-03","UserId":"#oc-R2VNVRO5VLW2AC","ProfileName":"Kevin F","HelpfulnessNumerator":2,"HelpfulnessDenominator":3,"Score":4,"Time":"1337817600","Summary":"Great coffee, great price!","text":"I am really enjoying this coffee. It tastes excellent, was nicely priced and the company has gone out of their way to provide excellent customer service after some initial problems.<br /><br />I am going to get this monthly on subscribe and save and I do recommend it now. the brooklyn bridge and breakfast blend are very nice!"}