{"Id":"136476","ProductId":"P1000-03","UserId":"#oc-R1E8ZSZLNTT3DS","ProfileName":"JM1313","HelpfulnessNumerator":8,"HelpfulnessDenominator":18,"Score":2,"Time":"1335052800","Summary":"Very weak version of French Roast","text":"I usually drink Green Mountain French Roast or Tully's French and they both have a rich full-bodied flavor. Decided to try Brooklyn Bean Roastery French Roast. It tastes flat with very little taste and not bold at all.<br />Would not recommend unless you like mild flavored coffee."}