{"Id":"83258","ProductId":"P1000-01","UserId":"A1WDDZTSP0F3KE","ProfileName":"LLRamon","HelpfulnessNumerator":1,"HelpfulnessDenominator":1,"Score":4,"Time":"1337472000","Summary":"Strongest K-Cup coffee out there","text":"This Fog Chaser was available at my local grocery store. I thought I would give it a try. Well let me tell you, even on the highest setting this cup is STRONG. Reminds me of a regular pot of Dark Communittee Coffee. If you think the regular k-cups are just too weak, give this a try and you won't be disappointed."}