{"Id":"120616","ProductId":"P1000-02","UserId":"A16AL26WRRYFKD","ProfileName":"A. Lehman","HelpfulnessNumerator":3,"HelpfulnessDenominator":3,"Score":2,"Time":"1338422400","Summary":"Weird aftertaste...","text":"I'm an avid K cup user - coffee, tea, cocoa - and have my favorites and not-so-favorites, but dang... This one started off tasting okay, but actually gave me indigestion (burp!). There's a disturbing metallic, cloyingly sweet aftertaste in my mouth too. Your mileage may vary, but this is one K cup flavor I won't be revisiting."}