{"Id":"120296","ProductId":"P1000-02","UserId":"AJ3L5J7GN09SV","ProfileName":"Hazel","HelpfulnessNumerator":1,"HelpfulnessDenominator":1,"Score":2,"Time":"1331424000","Summary":"Excellent products","text":"I bought the Grove Square hazelnut cappuccino k-cups, not expecting too much.  What a pleasant surprise when I tasted that cup of coffee, it surprised even me, a harsh critic of cappuccino.  It can be compared to the expensive cappuccino that I buy at the specialty coffee shops around town.  Hey, send me some more, I've got guests coming and want to impress them."}