{"Id":"120791","ProductId":"P1000-02","UserId":"A2P46JZP69YCNL","ProfileName":"Kate B","HelpfulnessNumerator":2,"HelpfulnessDenominator":2,"Score":3,"Time":"1327276800","Summary":"good until the aftertaste","text":"These have wonderful flavor until it hits the last note. The aftertaste is so poor it ruins the entire drink. As my daughter put it \" I keep drinking it because it is so good but then it tastes so bad.\" It has the same bitter aftertaste as drinking a diet soda just a bit stronger."}