{"Id":"120826","ProductId":"P1000-02","UserId":"A1MLR27WPXIQUI","ProfileName":"CarlaMcW","HelpfulnessNumerator":1,"HelpfulnessDenominator":1,"Score":3,"Time":"1337644800","Summary":"Tastes Fine But it's Instant Coffee...","text":"It tastes like a decent powdered cappuccino because that's exactly what it is. I noticed the used k-cup was very light compared to the other ones I had brewed, I opened the top and it was empty. There's no actual coffee in this, just instant. I think it's an okay value for the price, but I wouldn't purchase it again."}