{"Id":"110725","ProductId":"P1000-04","UserId":"A3AN8660FZORRG","ProfileName":"Bubbles","HelpfulnessNumerator":1,"HelpfulnessDenominator":1,"Score":5,"Time":"1331251200","Summary":"Perfect cup of bold instant coffee","text":"I like my coffee strong and rich, and can't stand the typical watery cup of coffee served in cheap restaurants, and I can never get consistent brews when I make it myself. Most instant coffees are disgusting. The Italian Roast is a great alternative. It really caters for people like me, who like it stronger than average. I wish the cost would go down a little so I could make it a daily beverage.<br /><br />I also drink the decaf version, which is just as good."}