{"Id":"120685","ProductId":"P1000-02","UserId":"A11UABHVK7EMDG","ProfileName":"Gigi","HelpfulnessNumerator":1,"HelpfulnessDenominator":2,"Score":5,"Time":"1325808000","Summary":"Luv this coffee!!","text":"A friend of mine gave me several of these Grove Square Cappuccino French Vanilla k cups!! Just loved them, but could not find them available in any local store. She told me she got them from Amazon.com. We fix it with a little bit of cream whip on top! Tastes just like you bought it from a coffee shop. Have ordered more, so I never run out. You will not be sorry if your purchase this item. I did order and try the Hazelnut, liked it but not as much as this."}