{"Id":"136418","ProductId":"P1000-03","UserId":"A1MI4N1IO0BTXY","ProfileName":"Lady With The Edge","HelpfulnessNumerator":11,"HelpfulnessDenominator":13,"Score":5,"Time":"1336780800","Summary":"Brooklyn Corner Donut Shop K-cups are delishious!","text":"We love these Brooklyn Corner Donut Shop K-cups. Does not taste watered down when I make a travel mug size cup, this is not somethng that I can say about other brands. We plan on trying the other flavors from this company. I may have to get a second job to support our k-cup habit!"}