{"Id":"120343","ProductId":"P1000-02","UserId":"A2YGNPKICOZTLQ","ProfileName":"Julie Grimes \"Jewels\"","HelpfulnessNumerator":3,"HelpfulnessDenominator":4,"Score":1,"Time":"1345075200","Summary":"Vending Machine Coffee, dont buy it.","text":"This coffe is terrible, too sweet and it does not taste like Cappuccino at all. Save yourself some money and buy real coffee like the San Francisco Bay Fog Chaser for your Keurig. <a href=\"http://www.amazon.com/gp/product/B005K4Q1YA\">Grove Square Cappuccino Cups, French Vanilla, Single Serve Cup for Keurig K-Cup Brewers, 24 Count</a>"}