{"Id":"120687","ProductId":"P1000-02","UserId":"A3J6974E8O82I0","ProfileName":"SueH","HelpfulnessNumerator":1,"HelpfulnessDenominator":2,"Score":1,"Time":"1323993600","Summary":"A K-Cup Really???????????","text":"I was excited to find a reasonably priced K-cup coffee.  That is until I purchased it and tried it.  This is instant coffee -it is dishonest to call it a K-Cup.  You expect real coffee whey you purchase a K-cup.  Save yourself the cost - if you really want instant coffee, buy yourself a jar of instant coffee and grab a spoon."}