{"Id":"136509","ProductId":"P1000-03","UserId":"#oc-R3Q8Z35P2D8VOW","ProfileName":"Mrich419","HelpfulnessNumerator":2,"HelpfulnessDenominator":3,"Score":5,"Time":"1340755200","Summary":"Brooklyn Bean Lover","text":"I have tried all of the Medium Roast K-cups as I am not a big fan of the Dark and/or Bold Roasts. I really enjoyed all of the ones that I tried. I had 1 that exploded, but it was not too bad, I caught it right away and got it cleaned up. I look forward to trying the flavored varieties one day. Thank you Brooklyn Bean!"}