{"Id":"120755","ProductId":"P1000-02","UserId":"A1Y2G6I0W1OLB9","ProfileName":"sierracat66","HelpfulnessNumerator":1,"HelpfulnessDenominator":3,"Score":5,"Time":"1345507200","Summary":"Don't waste time & money in the drive thru.","text":"<a href=\"http://www.amazon.com/gp/product/B005K4Q33Y\">Grove Square Cappuccino Cups, Caramel,Single Serve Cup for Keurig K-Cup Brewers, 18-Count (Pack of 3)</a><br />Forget Starbucks, this smooth flavor makes every cup special.<br />Hazel nut is my second choice.<a href=\"http://www.amazon.com/gp/product/B005K4Q37U\">Grove Square Cappuccino Cups, Hazelnut, Single Serve Cup for Keurig K-Cup Brewers, 24-Count</a><br />Have a unique flavor in mind, try the Vanilla with you favorite blend of flavor syrups, regular or sugar free.<br /><a href=\"http://www.amazon.com/gp/product/B005K4Q4LK\">Grove Square Cappuccino Cups, French Vanilla, Single Serve Cup for Keurig K-Cup Brewers, 18-Count (Pack of 3)</a>"}