{"Id":"120680","ProductId":"P1000-02","UserId":"A3ISWM9TH5X7IZ","ProfileName":"wendelus","HelpfulnessNumerator":1,"HelpfulnessDenominator":2,"Score":1,"Time":"1328140800","Summary":"INSTANT COFFEE!","text":"I bought this for my daughter and she was very excited to taste it but was very disappointed to find it to be INSTANT cappuccino. It tasted watered down even at the suggested cup setting. We honestly could have got a container of this same stuff at the local dollar store for a lot cheaper and then we could have added more of the powder when needed. Definitely not worth the money."}