{"Id":"120614","ProductId":"P1000-02","UserId":"A30VYSV5D6GCV1","ProfileName":"Donna","HelpfulnessNumerator":3,"HelpfulnessDenominator":3,"Score":1,"Time":"1346544000","Summary":"Way to sweet","text":"I am trying all types of products to use with my Keurig coffee maker and I thought the caramel cappuccino would be a good choice. It was so sweet I couldn't drink it, I had to throw it out. I have a sweet tooth and not much seems to sweet to me. I wasted my money on this and I will be throwing it out as well as the Grove Square Hazelnut Cappuccino that I bought! Waste of money unless you like super sweet!"}