{"Id":"83677","ProductId":"P1000-01","UserId":"AO0KH3LMG6IPS","ProfileName":"ConW","HelpfulnessNumerator":2,"HelpfulnessDenominator":2,"Score":5,"Time":"1338163200","Summary":"Fog Chaxer Coffee","text":"This was a repeat purchase, so nothing more need be said!  Although this is a very pleasing coffee, it is not Jet Fuel.  This is not a knock, but rather a statement of fact!  Fog Chaser has its own taste, one you don't have to search for.  Once the pak of 12 has been opened, store the remaining pods in a seal-tight container.  And the PRICE is RIGHT!  :o)"}