{"Id":"136495","ProductId":"P1000-03","UserId":"#oc-R1B9W981WGB5D0","ProfileName":"LeventB \"LeventB\"","HelpfulnessNumerator":1,"HelpfulnessDenominator":1,"Score":3,"Time":"1339718400","Summary":"Weak and bland","text":"Maybe we're just used to stronger blends, but this one tastes pretty bland and weak to us. Honestly it quickly became one of the least popular items on the k-cup carousel in our house. For this price level, you can definitely do much better with the San Francisco Bay k-cups, which are cheaper and better."}