{"Id":"120785","ProductId":"P1000-02","UserId":"A2PJF028ED1ILI","ProfileName":"Bat Ma","HelpfulnessNumerator":1,"HelpfulnessDenominator":4,"Score":1,"Time":"1322179200","Summary":"total crap","text":"The only reason this gets one star is because you have to give it atleast that much.  This is not anything like a K-cup.  It is instant coffee in a K-cup wrapper.  There is a supposed guarantee on the box but I have called the number many times and can never get anyone to call me back.  I usually won't bother trying to get my money back on this kind of thing but I have made an exception due to the horrid product.  In the company's defense, there are probably so many people calling to tell them about this wretched product, they may have not had time to get back to me."}