{"Id":"120359","ProductId":"P1000-02","UserId":"A2BNHIPHE8OQZ2","ProfileName":"Shar","HelpfulnessNumerator":2,"HelpfulnessDenominator":3,"Score":1,"Time":"1321833600","Summary":"Horrible, Instant coffee, Hydrogenated oil inside, health hazard!!!","text":"Read the label carefully, it's instant coffee, not the ground coffee as the other brands, no filter inside, and had partially hydrogenated oil in it, I returned it as hydrogenated oil is harmful and the coffee itself is kind of gas station quality."}