{"Id":"110724","ProductId":"P1000-04","UserId":"A3A5AU9O95E74M","ProfileName":"Jeremy L. Lautt","HelpfulnessNumerator":1,"HelpfulnessDenominator":1,"Score":5,"Time":"1331510400","Summary":"Good coffee, and much more affordable","text":"The VIA packets are a great substitute for the 'real thing' (ordering freshly brewed coffee at an actual Starbucks store).  The flavor is there and it's far cheaper to go with the VIA packets for people on tight budgets, especially with the skyrocketing prices at the Starbucks stores even for plain ol' brewed coffee."}