{"Id":"136411","ProductId":"P1000-03","UserId":"A2YHXAZLCLDT8D","ProfileName":"Mark Smith \"Food lover\"","HelpfulnessNumerator":6,"HelpfulnessDenominator":11,"Score":5,"Time":"1334793600","Summary":"Pretty Darn Good.. smooth","text":"I tried the boardwalk blend,The package says smooth, medium roast with some extra bold flavor<br /><br />I would say the description if pretty accurate.  I did not have an problem with execution in my<br />machine like some people are writing about.  I have been mostly \"rolling my own\" with the ekobrew<br />refillable cup which I love!! but when I am in hurry out the door this works great to get my buzz on."}