{"Id":"120696","ProductId":"P1000-02","UserId":"A3E839XU3NJYT7","ProfileName":"Kayla","HelpfulnessNumerator":2,"HelpfulnessDenominator":4,"Score":5,"Time":"1346112000","Summary":"Gas Station Coffee? Yep.","text":"Like many others, I too was looking for the gas station coffee taste, as I find gas station coffee to be the sweetest and tastiest for an amateur coffee drinker like me. If you prefer the strong, exotic, even authentic taste, this is not the coffee for you. But if you are looking for coffee that is sweet, and tasty without having to do much, this is it."}