{"Id":"120621","ProductId":"P1000-02","UserId":"AX2ZEREWNZD49","ProfileName":"AvidAmazon","HelpfulnessNumerator":3,"HelpfulnessDenominator":3,"Score":5,"Time":"1326499200","Summary":"Exactly what I was looking for","text":"Another review said this tastes like the \"garbage\" cappuccinos from the gas station. Well in my case, that is exactly what I wanted! These K-Cups are delicious. Creamy and taste just like the french vanilla capps from QuikTrip. I recommend them highly if that is the taste you are looking for."}