{"Id":"110714","ProductId":"P1000-04","UserId":"A33SGQM4P3BRW2","ProfileName":"dan555","HelpfulnessNumerator":1,"HelpfulnessDenominator":1,"Score":5,"Time":"1342310400","Summary":"Hello? What R U Waiting 4? Great Deal!","text":"1. Cheaper than Costco or Winco<br />2. Expiration date: I had 1 year to go on mine<br />3. Great taste and fresh<br />4. Just do an order over $25 and get free shipping!<br />5. Easy to order<br />6. Delivery to your door<br />7. Wow, what is not to like on this one?<br />8. And this was my first food order from Amazon -- nice."}