{"Id":"120677","ProductId":"P1000-02","UserId":"A293T21WVQ3TDC","ProfileName":"James E. Palmiter \"Bargin Hunter\"","HelpfulnessNumerator":1,"HelpfulnessDenominator":2,"Score":1,"Time":"1332547200","Summary":"Not even close to Cappuccino","text":"I bought this for my granddaughter because she will drink a cappuccino from most any where. When she was not using them, she used 2, I asked her what was wrong. Her only comment was try one. I did. Holy cow, it is almost kinda of coffer-vanilla flavored sugar water. Really NOT worth the money. Only reason for one star is that you cant give no stars."}