{"Id":"136508","ProductId":"P1000-03","UserId":"#oc-RKF6AFGSSGCT7","ProfileName":"piccoli","HelpfulnessNumerator":2,"HelpfulnessDenominator":3,"Score":5,"Time":"1340755200","Summary":"Brooklyn Bean Roastery... benissimo","text":"My friend recieved a box of free sample brooklyn bean coffee,she wanted me to try it so she brought me over a couple k-cups.I gotta say it was soooo good,she likes the dark roast,I like the medium roast(it was all good though).I would recommend this coffee to all my friends,and I pretty much drink coffee day and night.Thanks Brooklyn Bean Roastery"}