{"Id":"110685","ProductId":"P1000-04","UserId":"A1G3GSXYGYI6C7","ProfileName":"Connie W.","HelpfulnessNumerator":2,"HelpfulnessDenominator":2,"Score":5,"Time":"1330300800","Summary":"I love that Amazon ships directly to soldiers overseas!","text":"I didn't order this product for myself, but this coffee was on my son's \"wish list\" as he began a six month deployment in Afghanistan.  I love that Amazon ships directly to an APO address, so I was able to order this product and get it to him quickly.  Thanks, Amazon!"}