{"Id":"136510","ProductId":"P1000-03","UserId":"#oc-R2T3K0QPL1KWSY","ProfileName":"Taryn Gallagher","HelpfulnessNumerator":2,"HelpfulnessDenominator":3,"Score":5,"Time":"1340755200","Summary":"bold and glorious","text":"if you like a good dark coffee like I do, brooklyn bean roastery, cyclone is a product for you! all of the companies coffees are delicious, but this 1 is tops in my book for dark, bold blend! I have even asked my grocery store to start carrying it! not 1 problem with exploding cups!"}