{"Id":"136505","ProductId":"P1000-03","UserId":"#oc-R1QPS7FOBXKEUI","ProfileName":"Jamie Jewell","HelpfulnessNumerator":2,"HelpfulnessDenominator":3,"Score":5,"Time":"1340841600","Summary":"Loved the breakfast blend","text":"I recently tried this coffee after winning a sampler pack from their facebook page. Breakfast blend was the 1st that I tried and it was by far my favorite! Would definately recommend them to anyone and I love the company itself as well. They are a great customer based company!"}