{"Id":"136491","ProductId":"P1000-03","UserId":"A3NKYL017ALOQC","ProfileName":"Sofia \"Pat\"","HelpfulnessNumerator":14,"HelpfulnessDenominator":20,"Score":4,"Time":"1334016000","Summary":"cheaper but still taste good","text":"This review is for French roast<br /><br />With a pinch of dark brown sugar make it tastes the way i like.<br />This Kcup is lighter than regular brand only 11g(others 14-16g)Made with thin plastic cup & foil.<br />The label is cute, bold enough for me & cheaper than others brand."}