{"Id":"136475","ProductId":"P1000-03","UserId":"#oc-R366Y9INLHMV2U","ProfileName":"DJNH","HelpfulnessNumerator":2,"HelpfulnessDenominator":7,"Score":2,"Time":"1335484800","Summary":"Taste ok...low quality packaging.","text":"I like the flavor of the Corner Donut Shop, but the quality of the K-cup packaging stinks. I get grounds in most cups. Sometimes it needs a lot of pressure to punch through the K-cup. Some of the foil lids don't look centered. Wonder what's going on with the quality control over there...very inconsistent."}