{"Id":"136436","ProductId":"P1000-03","UserId":"#oc-R1VHP4GD3MVIGG","ProfileName":"jenningstime","HelpfulnessNumerator":2,"HelpfulnessDenominator":5,"Score":1,"Time":"1335657600","Summary":"Flavor Good, Quality Control very poor","text":"Roughly 1/2 of the kcups in the box I received have little (a speck) of coffee or none at all in them. It is noticeable when picking it up and I cut into a few to see for myself. Was excited to try the product but disappointed to end up with only around 20 usable cups out of the 36 unit box."}