{"Id":"120817","ProductId":"P1000-02","UserId":"A22QV36REPLBLB","ProfileName":"Mommyx2","HelpfulnessNumerator":1,"HelpfulnessDenominator":1,"Score":5,"Time":"1341187200","Summary":"I Love Love Love this cappuccino","text":"I looked in all the stores around me and couldn't find a cappuccino that i really liked or that even tasted good. I came across this cappuccino on here and it was affordable and you get a lot in the box..... so i decided to try it. It is amazing sooooo good....i actually like it better than i do the gas station cappuccinos!! So happy that i found it on here and am finding myself wanting it every day. A+ from me!!! =)"}