{"Id":"120338","ProductId":"P1000-02","UserId":"A1PWPCCDWOIMTM","ProfileName":"PDD \"PDD\"","HelpfulnessNumerator":1,"HelpfulnessDenominator":1,"Score":5,"Time":"1322179200","Summary":"Love it - give it a try","text":"For a former coffee shop owner, I'd like to think I have some discriminating taste when it comes to \"fast food\" coffee. I was quite happy with the quick version of a vanilla cappuccino, although I'd consider it more of a latte. I do like it even better if you brew the smaller cup of espresso through the machine."}