{"Id":"120620","ProductId":"P1000-02","UserId":"A2XK985BZNW6D0","ProfileName":"Devon Miller \"devonandsara\"","HelpfulnessNumerator":3,"HelpfulnessDenominator":3,"Score":5,"Time":"1326758400","Summary":"Gas Station Cappuccino","text":"If you are a coffee snob, you will not like this cappuccino.  However, for those of us easing into the world of coffee, this is a nice and sweet caffeinated beverage with only 80 calories.  It tastes just like the cappuccinos you get out of the machine at a gas station.  A nice treat!"}