{"Id":"136446","ProductId":"P1000-03","UserId":"#oc-R11T1PHWNO7KEZ","ProfileName":"David Zeitler","HelpfulnessNumerator":6,"HelpfulnessDenominator":12,"Score":3,"Time":"1334102400","Summary":"Brooklyn Bridge K Cup problem","text":"I had the same problem as other reviewers, the foil ruptured and grounds spilled out eventually clogging the water exit tube on my B70.I cleaned the clog but the same thing happened on 2 other cups. When I opened the brewer to discard the cup you can see that the water and grounds had come out of the top puncture hole."}