{"Id":"120400","ProductId":"P1000-02","UserId":"AEA2PXYT7WYB4","ProfileName":"E. Bailey","HelpfulnessNumerator":12,"HelpfulnessDenominator":14,"Score":2,"Time":"1319068800","Summary":"Not pleased with these K-cups","text":"I was so excited to receive these K-cups and had one today. I wasn't very impressed. It tasted watered down and I had to add Stevia and sugar free creamer to make it taste half way decent to drink. I like a stronger tasting coffee and these just don't cut it. I'm giving both boxes to my daughter-in-law. I knew I should have ordered only one box to try first. Oh well...live and learn. I cancelled my subscribe and save too."}