{"Id":"110711","ProductId":"P1000-04","UserId":"A2VQ78H98ZE2N2","ProfileName":"Kim Petersen","HelpfulnessNumerator":1,"HelpfulnessDenominator":1,"Score":5,"Time":"1343865600","Summary":"Awesome price!!!!!!!!!","text":"I love the VIA instant coffees but at the store it is approximately $4.00 without tax for 3 individual packets, costing more than $1 a packet. However, I bought the 50 count item for $28.95 and it was eligible for the super saver free shipping. That put it at $.58 a packet! Such a steal! And this is the BEST instant coffee you will ever have!"}