{"Id":"136406","ProductId":"P1000-03","UserId":"#oc-R1WIBE7UA1Y7XY","ProfileName":"dee","HelpfulnessNumerator":3,"HelpfulnessDenominator":6,"Score":1,"Time":"1335916800","Summary":"very poor packaging","text":"i feel very disappointed with this product, i would say about 9 of my k-cups broke open and had to throw them away. then other ones i had coffee grounds in my coffee. i feel for this i should be given something for such i poor product. guess i will just stick to my green mountain coffee. this was the worst.<br /><br /><a href=\"http://www.amazon.com/gp/product/B006Q822L0\">Brooklyn Bean Roastery Coffee, Fuhgeddaboudit, Single Serve Cup for Keurig K-Cup Brewers, 36-Count</a>"}