{"Id":"120395","ProductId":"P1000-02","UserId":"AKGG1DDHNA7XW","ProfileName":"Bud","HelpfulnessNumerator":113,"HelpfulnessDenominator":127,"Score":1,"Time":"1327363200","Summary":"Ingredients","text":"Ingredient: Partially Hydrogenated Vegetable Oil (may contain coconut, soybean, sunflower, palm and/or canola), Sugar, Corn Syrup Solids, Instant Coffee, Sodium Caseinate, Salt, Natural and Artificial Flavors, Cocoa (processed with alkali), Dipotassium Phosphate, Cornstarch, Mono- and Diglycerides, Silicon Dioxide, Soy Lecithin, Artificial Color, \"Sucralose\"."}