{"Id":"136375","ProductId":"P1000-03","UserId":"A3K3UHC5J04NW4","ProfileName":"JNobi \"Jimmy\"","HelpfulnessNumerator":7,"HelpfulnessDenominator":12,"Score":5,"Time":"1335312000","Summary":"Great Coffee, Great Price!","text":"This coffee is great! Has a nice smooth rich taste. It's not too light and not too dark but perfect. If you like a medium roast coffee you'll love this. I also like that the price is a little cheaper then some other brands. No problems with the k-cups here, they brewed just fine. I recommend this coffee."}