{"Id":"120798","ProductId":"P1000-02","UserId":"ATM08RA8FHNPR","ProfileName":"BethT","HelpfulnessNumerator":2,"HelpfulnessDenominator":2,"Score":5,"Time":"1323216000","Summary":"Great taste!","text":"I absolutely love this cappuccino! I had my doubts, but they were proved wrong! I myself have a sweet tooth and I was worried that this product would taste too much like coffee and not enough like a cappuccino. But thankfully, I was worng and it had the right blend of both. I had 2 cups the first day I bought it! Shared it with my family, they loved it too!"}