{"Id":"136481","ProductId":"P1000-03","UserId":"#oc-R2EGPCEJ9FAS3","ProfileName":"Jay D. Miller","HelpfulnessNumerator":4,"HelpfulnessDenominator":11,"Score":2,"Time":"1334880000","Summary":"Fuhgeddaboutit being good","text":"You get what you pay for.  These bargain K-Cups are no bargain.<br /><br />Others have complained about blowouts and weak brews.  I find it bitter.<br /><br />Something tells me this company is still working out the kinks in the roasting and manufacturing process.<br /><br />When the reviews improve I may try them again."}