{"Id":"136474","ProductId":"P1000-03","UserId":"#oc-R33A2HF65FLYXF","ProfileName":"bjg","HelpfulnessNumerator":2,"HelpfulnessDenominator":7,"Score":2,"Time":"1335916800","Summary":"booklyn bean roastery","text":"This is a new product to us. Have to say I am unhappy with this product. Every cup so far has coffee grounds in cup!  Have not had the issue with other products.  Unhappy with this product  would not purchase again<a href=\"http://www.amazon.com/gp/product/B006Q822L0\">Brooklyn Bean Roastery Coffee, Fuhgeddaboudit, Single Serve Cup for Keurig K-Cup Brewers, 36-Count</a>"}