{"Id":"136565","ProductId":"P1000-03","UserId":"#oc-R2ZRD0CUP3Z9E2","ProfileName":"C. Jones","HelpfulnessNumerator":5,"HelpfulnessDenominator":8,"Score":1,"Time":"1336003200","Summary":"Can't even review taste","text":"When you put these cups in the Kuerig the plastic is so flimsy instead of piercing a hole in the bottom to drain the coffee, the plastic is bent. So the water goes into the k-cup overflows out into your coffee cup, coffee grounds and all. I've tried to pierce a hole myself to no avail. I Wasted $17!!!! Don't waste YOUR money."}