[{"storeId":"S1000-01","name":"Alameda","address":"2217 South Shore Center","city":"Alameda","state":"CA","zip":"94501","lat":"37.757790","long":"-122.251460"},{"storeId":"S1000-02","name":"Lakeshore","address":"3250 Lakeshore Ave","city":"Oakland","state":"CA","zip":"94610","lat":"37.809720","long":"-122.244560"},{"storeId":"S1000-03","name":"Emeryville","address":"5700 Christie Ave","city":"Emeryville","state":"CA","zip":"94608","lat":"37.837050","long":"-122.294290"},{"storeId":"S1000-04","name":"El Cerrito","address":"225 El Cerrito Plaza","city":"El Cerrito","state":"CA","zip":"94530","lat":"37.899060","long":"-122.299770"},{"storeId":"S1000-05","name":"Berkeley","address":"1885 University Ave","city":"Berkeley","state":"CA","zip":"94703","lat":"37.871610","long":"-122.273330"}]